Assembly Accession	Organism Name	order	class	phylum	Assembly Level	Assembly Stats Total Sequence Length
GCF_017654505.1	Polyodon spathula	Acipenseriformes	Actinopteri	Chordata	Chromosome	1542066908
GCF_042242105.1	Pempheris klunzingeri	Acropomatiformes	Actinopteri	Chordata	Chromosome	646252061
GCF_036373705.1	Amia ocellicauda	Amiiformes	Actinopteri	Chordata	Chromosome	989103751
GCF_900634795.4	Betta splendens	Anabantiformes	Actinopteri	Chordata	Chromosome	426984265
GCF_018555375.3	Anguilla rostrata	Anguilliformes	Actinopteri	Chordata	Chromosome	976090453
GCF_017639745.1	Melanotaenia boesemani	Atheriniformes	Actinopteri	Chordata	Chromosome	865575964
GCF_902500255.1	Thalassophryne amazonica	Batrachoidiformes	Actinopteri	Chordata	Chromosome	2446592878
GCF_002234675.1	Oryzias latipes	Beloniformes	Actinopteri	Chordata	Chromosome	734040372
GCF_026898505.1	Centroberyx gerrardi	Beryciformes	Actinopteri	Chordata	Contig	735610683
GCF_902148845.1	Salarias fasciatus	Blenniiformes	Actinopteri	Chordata	Chromosome	797490645
GCF_900963305.1	Echeneis naucrates	Carangiformes	Actinopteri	Chordata	Chromosome	544212633
GCF_043641665.1	Enoplosus armatus	Centrarchiformes	Actinopteri	Chordata	Chromosome	579881259
GCF_017976325.1	Chelmon rostratus	Chaetodontiformes	Actinopteri	Chordata	Chromosome	644191893
GCF_030463535.1	Salminus brasiliensis	Characiformes	Actinopteri	Chordata	Chromosome	1066483687
GCF_900246225.1	Astatotilapia calliptera	Cichliformes	Actinopteri	Chordata	Chromosome	880428986
GCF_900700375.1	Denticeps clupeoides	Clupeiformes	Actinopteri	Chordata	Chromosome	567401054
GCF_049306965.1	Danio rerio	Cypriniformes	Actinopteri	Chordata	Complete Genome	1448791966
GCF_019740435.1	Gambusia affinis	Cyprinodontiformes	Actinopteri	Chordata	Chromosome	680149392
GCF_013368585.1	Megalops cyprinoides	Elopiformes	Actinopteri	Chordata	Chromosome	959241634
GCF_011004845.1	Esox lucius	Esociformes	Actinopteri	Chordata	Chromosome	918731919
GCF_031168955.1	Gadus macrocephalus	Gadiformes	Actinopteri	Chordata	Chromosome	555681083
GCF_009829125.3	Periophthalmus magnuspinnatus	Gobiiformes	Actinopteri	Chordata	Chromosome	752605561
GCF_902362185.1	Chanos chanos	Gonorynchiformes	Actinopteri	Chordata	Chromosome	656912816
GCF_013358815.1	Electrophorus electricus	Gymnotiformes	Actinopteri	Chordata	Chromosome	589358956
GCF_902150065.1	Myripristis murdjan	Holocentriformes	Actinopteri	Chordata	Chromosome	835254674
GCF_016859285.1	Xiphias gladius	Istiophoriformes	Actinopteri	Chordata	Chromosome	691763775
GCF_902148855.1	Sphaeramia orbicularis	Kurtiformes	Actinopteri	Chordata	Chromosome	1342662642
GCF_963930695.1	Labrus bergylta	Labriformes	Actinopteri	Chordata	Chromosome	720210020
GCF_029633865.1	Lampris incognitus	Lampriformes	Actinopteri	Chordata	Chromosome	1482357630
GCF_040956055.1	Brachionichthys hirsutus	Lophiiformes	Actinopteri	Chordata	Chromosome	406634837
GCF_022458985.1	Mugil cephalus	Mugiliformes	Actinopteri	Chordata	Chromosome	634849760
GCF_046128005.1	Genypterus blacodes	Ophidiiformes	Actinopteri	Chordata	Contig	463765610
GCF_021917145.1	Hypomesus transpacificus	Osmeriformes	Actinopteri	Chordata	Chromosome	437273953
GCF_900964775.1	Scleropages formosus	Osteoglossiformes	Actinopteri	Chordata	Chromosome	784546363
GCF_949316345.1	Pungitius pungitius	Perciformes	Actinopteri	Chordata	Chromosome	480434100
GCF_000523025.1	Cynoglossus semilaevis	Pleuronectiformes	Actinopteri	Chordata	Chromosome	470182763
GCF_018296145.1	Oncorhynchus tshawytscha	Salmoniformes	Actinopteri	Chordata	Chromosome	2294842546
GCF_963691925.1	Scomber scombrus	Scombriformes	Actinopteri	Chordata	Chromosome	764141294
GCF_040954835.1	Lepisosteus oculatus	Semionotiformes	Actinopteri	Chordata	Chromosome	1200589847
GCF_030014155.1	Tachysurus vachellii	Siluriformes	Actinopteri	Chordata	Chromosome	692104899
GCF_904848185.1	Acanthopagrus latus	Spariformes	Actinopteri	Chordata	Chromosome	685127588
GCF_900324485.2	Mastacembelus armatus	Synbranchiformes	Actinopteri	Chordata	Chromosome	591935101
GCF_901709675.1	Syngnathus acus	Syngnathiformes	Actinopteri	Chordata	Chromosome	324331233
GCF_003711565.1	Takifugu flavidus	Tetraodontiformes	Actinopteri	Chordata	Chromosome	366286831
GCF_027358695.1	Spea bombifrons	Anura	Amphibia	Chordata	Chromosome	987655159
GCF_902459505.1	Geotrypetes seraphini	Gymnophiona	Amphibia	Chordata	Chromosome	3779413726
GCF_947623445.1	Clavelina lepadiformis	Aplousobranchia	Ascidiacea	Chordata	Chromosome	210074726
GCF_000224145.3	Ciona intestinalis	Phlebobranchia	Ascidiacea	Chordata	Chromosome	115212710
GCF_964204865.1	Styela clava	Stolidobranchia	Ascidiacea	Chordata	Chromosome	376784849
GCF_900496995.4	Aquila chrysaetos chrysaetos	Accipitriformes	Aves	Chordata	Chromosome	1233704830
GCF_047663525.1	Anas platyrhynchos	Anseriformes	Aves	Chordata	Complete Genome	1261969826
GCF_036169615.1	Heliangelus exortis	Apodiformes	Aves	Chordata	Chromosome	1049650714
GCF_036417845.1	Apteryx mantelli	Apterygiformes	Aves	Chordata	Chromosome	1504396159
GCF_000710305.1	Buceros rhinoceros silvestris	Bucerotiformes	Aves	Chordata	Scaffold	1065782791
GCF_000700745.2	Antrostomus carolinensis	Caprimulgiformes	Aves	Chordata	Scaffold	1118829799
GCF_000690535.1	Cariama cristata	Cariamiformes	Aves	Chordata	Scaffold	1132245425
GCF_036370855.1	Dromaius novaehollandiae	Casuariiformes	Aves	Chordata	Chromosome	1468706110
GCF_964106895.1	Numenius arquata	Charadriiformes	Aves	Chordata	Chromosome	1348859203
GCF_034638445.1	Ciconia boyciana	Ciconiiformes	Aves	Chordata	Chromosome	1240615254
GCF_028858725.1	Colius striatus	Coliiformes	Aves	Chordata	Chromosome	1212464869
GCF_036013445.1	Caloenas nicobarica	Columbiformes	Aves	Chordata	Chromosome	1285834579
GCF_000691845.1	Merops nubicus	Coraciiformes	Aves	Chordata	Scaffold	1062961556
GCF_017976375.1	Cuculus canorus	Cuculiformes	Aves	Chordata	Chromosome	1180136575
GCF_000690775.1	Eurypyga helias	Eurypygiformes	Aves	Chordata	Scaffold	1088019637
GCF_015220075.1	Falco rusticolus	Falconiformes	Aves	Chordata	Chromosome	1195829278
GCF_016699485.2	Gallus gallus	Galliformes	Aves	Chordata	Chromosome	1053315467
GCF_030936135.1	Gavia stellata	Gaviiformes	Aves	Chordata	Chromosome	1321270170
GCF_011004875.1	Balearica regulorum gibbericeps	Gruiformes	Aves	Chordata	Chromosome	1221032548
GCF_000691785.1	Leptosomus discolor	Leptosomiformes	Aves	Chordata	Scaffold	1136244952
GCF_000695765.1	Mesitornis unicolor	Mesitornithiformes	Aves	Chordata	Scaffold	1087290853
GCF_000709365.1	Tauraco erythrolophus	Musophagiformes	Aves	Chordata	Scaffold	1155540733
GCF_013368605.1	Nyctibius grandis	Nyctibiiformes	Aves	Chordata	Chromosome	1256393467
GCF_030867145.1	Opisthocomus hoazin	Opisthocomiformes	Aves	Chordata	Chromosome	1482459898
GCF_000695195.1	Chlamydotis macqueenii	Otidiformes	Aves	Chordata	Scaffold	1086566339
GCF_001522545.3	Parus major	Passeriformes	Aves	Chordata	Chromosome	1020293992
GCF_030463565.1	Pelecanus crispus	Pelecaniformes	Aves	Chordata	Chromosome	1314568463
GCF_000687285.1	Phaethon lepturus	Phaethontiformes	Aves	Chordata	Scaffold	1152958507
GCF_027791375.1	Indicator indicator	Piciformes	Aves	Chordata	Chromosome	1147325966
GCF_964195595.1	Calonectris borealis	Procellariiformes	Aves	Chordata	Chromosome	1366185058
GCF_004027225.2	Strigops habroptila	Psittaciformes	Aves	Chordata	Chromosome	1148597545
GCF_000699245.1	Pterocles gutturalis	Pterocliformes	Aves	Chordata	Scaffold	1069324295
GCF_028389875.1	Rhea pennata	Rheiformes	Aves	Chordata	Chromosome	1269000025
GCF_965638725.1	Aptenodytes patagonicus	Sphenisciformes	Aves	Chordata	Chromosome	1352580174
GCF_965140245.1	Athene noctua	Strigiformes	Aves	Chordata	Chromosome	1355857592
GCF_040807025.1	Struthio camelus	Struthioniformes	Aves	Chordata	Chromosome	1452018929
GCF_949628215.1	Phalacrocorax aristotelis	Suliformes	Aves	Chordata	Chromosome	1279116138
GCF_003342845.1	Nothoprocta perdicaria	Tinamiformes	Aves	Chordata	Scaffold	965904370
GCF_000703405.1	Apaloderma vittatum	Trogoniformes	Aves	Chordata	Scaffold	1070836417
GCF_035084215.1	Heptranchias perlo	Hexanchiformes	Chondrichthyes	Chordata	Chromosome	3249915908
GCF_963921235.1	Mobula hypostoma	Myliobatiformes	Chondrichthyes	Chordata	Chromosome	3475679493
GCF_021869965.1	Rhincodon typus	Orectolobiformes	Chondrichthyes	Chordata	Chromosome	2881325413
GCF_028641065.1	Leucoraja erinaceus	Rajiformes	Chondrichthyes	Chordata	Chromosome	2190844947
GCF_009764475.1	Pristis pectinata	Rhinopristiformes	Chondrichthyes	Chordata	Chromosome	2267840987
GCF_036971445.1	Narcine bancroftii	Torpediniformes	Chondrichthyes	Chordata	Chromosome	3328432768
GCF_900747795.2	Erpetoichthys calabaricus	Polypteriformes	Cladistia	Chordata	Chromosome	3613534470
GCF_015708825.1	Lethenteron reissneri	Petromyzontiformes	Hyperoartia	Chordata	Chromosome	1063012140
GCF_009819535.1	Lacerta agilis	Squamata	Lepidosauria	Chordata	Chromosome	1391387079
GCF_035083965.1	Branchiostoma lanceolatum	Amphioxiformes	Leptocardii	Chordata	Chromosome	458287516
GCF_050624435.1	Tenrec ecaudatus	Afrosoricida	Mammalia	Chordata	Chromosome	3922859826
GCF_009834535.1	Camelus ferus	Artiodactyla	Mammalia	Chordata	Chromosome	2087077296
GCF_018350215.1	Panthera leo	Carnivora	Mammalia	Chordata	Chromosome	2297552363
GCF_027574615.1	Eptesicus fuscus	Chiroptera	Mammalia	Chordata	Chromosome	2008057866
GCF_030445035.2	Dasypus novemcinctus	Cingulata	Mammalia	Chordata	Chromosome	3610534858
GCF_902635505.1	Sarcophilus harrisii	Dasyuromorphia	Mammalia	Chordata	Chromosome	3086657325
GCF_027409185.1	Cynocephalus volans	Dermoptera	Mammalia	Chordata	Chromosome	2814418120
GCF_027887165.1	Monodelphis domestica	Didelphimorphia	Mammalia	Chordata	Chromosome	3586166573
GCF_011100635.1	Trichosurus vulpecula	Diprotodontia	Mammalia	Chordata	Chromosome	3359330516
GCF_027595985.1	Sorex araneus	Eulipotyphla	Mammalia	Chordata	Chromosome	2405993548
GCF_030435755.1	Ochotona princeps	Lagomorpha	Mammalia	Chordata	Chromosome	2555444530
GCF_000299155.1	Elephantulus edwardii	Macroscelidea	Mammalia	Chordata	Scaffold	3843982861
GCF_019393635.1	Dromiciops gliroides	Microbiotheria	Mammalia	Chordata	Chromosome	3303199800
GCF_004115215.2	Ornithorhynchus anatinus	Monotremata	Mammalia	Chordata	Chromosome	1859264908
GCF_037893015.1	Macrotis lagotis	Peramelemorphia	Mammalia	Chordata	Chromosome	3655715178
GCF_037783145.1	Equus przewalskii	Perissodactyla	Mammalia	Chordata	Chromosome	2499640368
GCF_040802235.1	Manis javanica	Pholidota	Mammalia	Chordata	Chromosome	2559979548
GCF_023851605.1	Tamandua tetradactyla	Pilosa	Mammalia	Chordata	Chromosome	3205724741
GCF_000001405.40	Homo sapiens	Primates	Mammalia	Chordata	Chromosome	3099441038
GCF_024166365.1	Elephas maximus indicus	Proboscidea	Mammalia	Chordata	Chromosome	3401247148
GCF_000001635.27	Mus musculus	Rodentia	Mammalia	Chordata	Chromosome	2728206152
GCF_000334495.1	Tupaia chinensis	Scandentia	Mammalia	Chordata	Scaffold	2846580235
GCF_000243295.1	Trichechus manatus latirostris	Sirenia	Mammalia	Chordata	Scaffold	3103791524
GCF_040869285.1	Myxine glutinosa	Myxiniformes	Myxini	Chordata	Chromosome	3829258836
GCF_037176945.1	Latimeria chalumnae	Coelacanthiformes		Chordata	Chromosome	2947609019
GCF_030867095.1	Alligator mississippiensis	Crocodylia		Chordata	Chromosome	2346779227
GCF_013100865.1	Trachemys scripta elegans	Testudines		Chordata	Chromosome	2126182493
