alignment_name	assembly	source_assembly	chain_origin	chain	chain_sha256	source_sizes	source_sizes_sha256	target_sizes	target_sizes_sha256
Microgale_talazaci	GCA_004026705.1	hg38	direction_matched_no_dupes_psl_swap	s3://oa-bolinas/snakemake/vertebrate_projection_dataset/results/hal-chains-directional-ramp-v2/b86897b7050bc9fdf397dd6abfb3af11fc876f86/d035c2561f6be3b11449647adfe9ce865884aef7da8b7e06b817d8a75c7f37f9/full/chains/Microgale_talazaci/human_to_species.chain.gz	15a994abfdd87f40a3dfe6271e8625e2c7bd9a3d297b953817aca66e7f1cd359	s3://oa-bolinas/issues/523/chain-reader-sampled-validation/f3c1de027c3660a17d9cb8bec9297154fd6d2328/Mus_musculus/source.aliases.sizes	56706a5eeaaa368bfcab17bba94437b5a09885fe41494735a42bbb9118bac214	s3://oa-bolinas/snakemake/vertebrate_projection_dataset/results/functional-v1/e42a4ea1eca760219e0add91004b45cac59b19c9/a104a2756f538a1993405165fb5b50b6d4aeaf0a32810d8bb72907916eef1beb/full/hal/chrom_sizes/Microgale_talazaci.tsv	04f17441ba1fc6f6ab92bb35c865cadb3d4bbbd12675a8fa30f51b5caf06de62
Bos_taurus	GCF_000003205.7	hg38	direction_matched_no_dupes_psl_swap	s3://oa-bolinas/snakemake/vertebrate_projection_dataset/results/hal-chains-directional-ramp-v2/b86897b7050bc9fdf397dd6abfb3af11fc876f86/d035c2561f6be3b11449647adfe9ce865884aef7da8b7e06b817d8a75c7f37f9/full/chains/Bos_taurus/human_to_species.chain.gz	c7e5b420cdbf68313c500377fa6205d51e1b2611bbd6b41bdf68015a6d6d8732	s3://oa-bolinas/issues/523/chain-reader-sampled-validation/f3c1de027c3660a17d9cb8bec9297154fd6d2328/Mus_musculus/source.aliases.sizes	56706a5eeaaa368bfcab17bba94437b5a09885fe41494735a42bbb9118bac214	s3://oa-bolinas/snakemake/vertebrate_projection_dataset/results/functional-v1/e42a4ea1eca760219e0add91004b45cac59b19c9/a104a2756f538a1993405165fb5b50b6d4aeaf0a32810d8bb72907916eef1beb/full/hal/chrom_sizes/Bos_taurus.tsv	38102565798020a79a761b79f440d4d1b8da454cbff05c163f9a718721217e4c
Lycaon_pictus	GCA_001887905.1	hg38	direction_matched_no_dupes_psl_swap	s3://oa-bolinas/snakemake/vertebrate_projection_dataset/results/hal-chains-directional-ramp-v2/b86897b7050bc9fdf397dd6abfb3af11fc876f86/d035c2561f6be3b11449647adfe9ce865884aef7da8b7e06b817d8a75c7f37f9/full/chains/Lycaon_pictus/human_to_species.chain.gz	dfd93247ff05d28411770c48929ae72c57860ce49dc06860da205aa1aa7e345b	s3://oa-bolinas/issues/523/chain-reader-sampled-validation/f3c1de027c3660a17d9cb8bec9297154fd6d2328/Mus_musculus/source.aliases.sizes	56706a5eeaaa368bfcab17bba94437b5a09885fe41494735a42bbb9118bac214	s3://oa-bolinas/snakemake/vertebrate_projection_dataset/results/functional-v1/e42a4ea1eca760219e0add91004b45cac59b19c9/a104a2756f538a1993405165fb5b50b6d4aeaf0a32810d8bb72907916eef1beb/full/hal/chrom_sizes/Lycaon_pictus.tsv	2b812fd58f62b6cbce3b4eada420f66f55d6d81dc4e621590711f8d88010fe22
Macroglossus_sobrinus	GCA_004027375.1	hg38	direction_matched_no_dupes_psl_swap	s3://oa-bolinas/snakemake/vertebrate_projection_dataset/results/hal-chains-directional-ramp-v2/b86897b7050bc9fdf397dd6abfb3af11fc876f86/d035c2561f6be3b11449647adfe9ce865884aef7da8b7e06b817d8a75c7f37f9/full/chains/Macroglossus_sobrinus/human_to_species.chain.gz	2a700a27c66e969c730a30f8cc51be3d903889d95ad664495a497dc7803ec9f7	s3://oa-bolinas/issues/523/chain-reader-sampled-validation/f3c1de027c3660a17d9cb8bec9297154fd6d2328/Mus_musculus/source.aliases.sizes	56706a5eeaaa368bfcab17bba94437b5a09885fe41494735a42bbb9118bac214	s3://oa-bolinas/snakemake/vertebrate_projection_dataset/results/functional-v1/e42a4ea1eca760219e0add91004b45cac59b19c9/a104a2756f538a1993405165fb5b50b6d4aeaf0a32810d8bb72907916eef1beb/full/hal/chrom_sizes/Macroglossus_sobrinus.tsv	cfec9de73f9a17a16375013f932bfe6c6fa5a8b019d5a64120ec3e135a8d550a
Tolypeutes_matacus	GCA_004025125.1	hg38	direction_matched_no_dupes_psl_swap	s3://oa-bolinas/snakemake/vertebrate_projection_dataset/results/hal-chains-directional-ramp-v2/b86897b7050bc9fdf397dd6abfb3af11fc876f86/d035c2561f6be3b11449647adfe9ce865884aef7da8b7e06b817d8a75c7f37f9/full/chains/Tolypeutes_matacus/human_to_species.chain.gz	908f8121832ea08917474d725e28363501dcc94bfe5baaa7d0f6bffc841cbb4d	s3://oa-bolinas/issues/523/chain-reader-sampled-validation/f3c1de027c3660a17d9cb8bec9297154fd6d2328/Mus_musculus/source.aliases.sizes	56706a5eeaaa368bfcab17bba94437b5a09885fe41494735a42bbb9118bac214	s3://oa-bolinas/snakemake/vertebrate_projection_dataset/results/functional-v1/e42a4ea1eca760219e0add91004b45cac59b19c9/a104a2756f538a1993405165fb5b50b6d4aeaf0a32810d8bb72907916eef1beb/full/hal/chrom_sizes/Tolypeutes_matacus.tsv	765578aa5a8f5a2595f657a814097ef5538aa5170aeb75b026c19d25f6315721
Galeopterus_variegatus	GCA_004027255.1	hg38	direction_matched_no_dupes_psl_swap	s3://oa-bolinas/snakemake/vertebrate_projection_dataset/results/hal-chains-directional-ramp-v2/b86897b7050bc9fdf397dd6abfb3af11fc876f86/d035c2561f6be3b11449647adfe9ce865884aef7da8b7e06b817d8a75c7f37f9/full/chains/Galeopterus_variegatus/human_to_species.chain.gz	9a37f0603ae69f22c984cf58e9ef0d2c0c77cb93259c68f3ab18f14d74e96682	s3://oa-bolinas/issues/523/chain-reader-sampled-validation/f3c1de027c3660a17d9cb8bec9297154fd6d2328/Mus_musculus/source.aliases.sizes	56706a5eeaaa368bfcab17bba94437b5a09885fe41494735a42bbb9118bac214	s3://oa-bolinas/snakemake/vertebrate_projection_dataset/results/functional-v1/e42a4ea1eca760219e0add91004b45cac59b19c9/a104a2756f538a1993405165fb5b50b6d4aeaf0a32810d8bb72907916eef1beb/full/hal/chrom_sizes/Galeopterus_variegatus.tsv	1aa5d516874c361db4939d63694f03dd9acae2a5f96ac92ecc80ec475fe11c2c
Solenodon_paradoxus	GCA_004363575.1	hg38	direction_matched_no_dupes_psl_swap	s3://oa-bolinas/snakemake/vertebrate_projection_dataset/results/hal-chains-directional-ramp-v2/b86897b7050bc9fdf397dd6abfb3af11fc876f86/d035c2561f6be3b11449647adfe9ce865884aef7da8b7e06b817d8a75c7f37f9/full/chains/Solenodon_paradoxus/human_to_species.chain.gz	4cdd56aaa5c20f221ce2ce1397edae4cc269539da22f0e4841d7c9cff19bd957	s3://oa-bolinas/issues/523/chain-reader-sampled-validation/f3c1de027c3660a17d9cb8bec9297154fd6d2328/Mus_musculus/source.aliases.sizes	56706a5eeaaa368bfcab17bba94437b5a09885fe41494735a42bbb9118bac214	s3://oa-bolinas/snakemake/vertebrate_projection_dataset/results/functional-v1/e42a4ea1eca760219e0add91004b45cac59b19c9/a104a2756f538a1993405165fb5b50b6d4aeaf0a32810d8bb72907916eef1beb/full/hal/chrom_sizes/Solenodon_paradoxus.tsv	46176de97c621964d3e1ef728024fa9db3a7f5f526c4ec43fabbd08b7b320442
Heterohyrax_brucei	GCA_004026845.1	hg38	direction_matched_no_dupes_psl_swap	s3://oa-bolinas/snakemake/vertebrate_projection_dataset/results/hal-chains-directional-ramp-v2/b86897b7050bc9fdf397dd6abfb3af11fc876f86/d035c2561f6be3b11449647adfe9ce865884aef7da8b7e06b817d8a75c7f37f9/full/chains/Heterohyrax_brucei/human_to_species.chain.gz	09598e1c0f0346494c2dd5c43c63baa31a19085757db2062b92c165f7a746ff3	s3://oa-bolinas/issues/523/chain-reader-sampled-validation/f3c1de027c3660a17d9cb8bec9297154fd6d2328/Mus_musculus/source.aliases.sizes	56706a5eeaaa368bfcab17bba94437b5a09885fe41494735a42bbb9118bac214	s3://oa-bolinas/snakemake/vertebrate_projection_dataset/results/functional-v1/e42a4ea1eca760219e0add91004b45cac59b19c9/a104a2756f538a1993405165fb5b50b6d4aeaf0a32810d8bb72907916eef1beb/full/hal/chrom_sizes/Heterohyrax_brucei.tsv	94fa315a4dd82d376e137aa2a4bf4cddac782cf78acc553f29c6190ecf030778
Oryctolagus_cuniculus	GCF_000003625.3	hg38	direction_matched_no_dupes_psl_swap	s3://oa-bolinas/snakemake/vertebrate_projection_dataset/results/hal-chains-directional-ramp-v2/b86897b7050bc9fdf397dd6abfb3af11fc876f86/d035c2561f6be3b11449647adfe9ce865884aef7da8b7e06b817d8a75c7f37f9/full/chains/Oryctolagus_cuniculus/human_to_species.chain.gz	56ff49755feb014139cca79612a6a04b14a9d5fd94a9b27bb0a4d76160e8888a	s3://oa-bolinas/issues/523/chain-reader-sampled-validation/f3c1de027c3660a17d9cb8bec9297154fd6d2328/Mus_musculus/source.aliases.sizes	56706a5eeaaa368bfcab17bba94437b5a09885fe41494735a42bbb9118bac214	s3://oa-bolinas/snakemake/vertebrate_projection_dataset/results/functional-v1/e42a4ea1eca760219e0add91004b45cac59b19c9/a104a2756f538a1993405165fb5b50b6d4aeaf0a32810d8bb72907916eef1beb/full/hal/chrom_sizes/Oryctolagus_cuniculus.tsv	643bda6e3630fcffee8d1b4d3a9a6c36de5a0f801d21d9f2bccb67aa9f8e48f4
Elephantulus_edwardii	GCA_004027355.1	hg38	direction_matched_no_dupes_psl_swap	s3://oa-bolinas/snakemake/vertebrate_projection_dataset/results/hal-chains-directional-ramp-v2/b86897b7050bc9fdf397dd6abfb3af11fc876f86/d035c2561f6be3b11449647adfe9ce865884aef7da8b7e06b817d8a75c7f37f9/full/chains/Elephantulus_edwardii/human_to_species.chain.gz	f8cbaab6f0d725369bd6d266c6e9d0b8fb62371ba321cc505ad32d0698de2d71	s3://oa-bolinas/issues/523/chain-reader-sampled-validation/f3c1de027c3660a17d9cb8bec9297154fd6d2328/Mus_musculus/source.aliases.sizes	56706a5eeaaa368bfcab17bba94437b5a09885fe41494735a42bbb9118bac214	s3://oa-bolinas/snakemake/vertebrate_projection_dataset/results/functional-v1/e42a4ea1eca760219e0add91004b45cac59b19c9/a104a2756f538a1993405165fb5b50b6d4aeaf0a32810d8bb72907916eef1beb/full/hal/chrom_sizes/Elephantulus_edwardii.tsv	23c665b747c2ab18cb57fff42b99980d0291033df072356d21c60ab6565d357e
Equus_caballus	GCF_000002305.2	hg38	direction_matched_no_dupes_psl_swap	s3://oa-bolinas/snakemake/vertebrate_projection_dataset/results/hal-chains-directional-ramp-v2/b86897b7050bc9fdf397dd6abfb3af11fc876f86/d035c2561f6be3b11449647adfe9ce865884aef7da8b7e06b817d8a75c7f37f9/full/chains/Equus_caballus/human_to_species.chain.gz	e4249505a39606e6ff07e606db0583dce2ea4f427b5cfe2cf6d4964943d61b91	s3://oa-bolinas/issues/523/chain-reader-sampled-validation/f3c1de027c3660a17d9cb8bec9297154fd6d2328/Mus_musculus/source.aliases.sizes	56706a5eeaaa368bfcab17bba94437b5a09885fe41494735a42bbb9118bac214	s3://oa-bolinas/snakemake/vertebrate_projection_dataset/results/functional-v1/e42a4ea1eca760219e0add91004b45cac59b19c9/a104a2756f538a1993405165fb5b50b6d4aeaf0a32810d8bb72907916eef1beb/full/hal/chrom_sizes/Equus_caballus.tsv	f0cdc744dbf9b5ad7178156ce4b7ca0ed7019e0df20814fa2ca95a4ddbcb4e64
Manis_javanica	GCF_001685135.1	hg38	direction_matched_no_dupes_psl_swap	s3://oa-bolinas/snakemake/vertebrate_projection_dataset/results/hal-chains-directional-ramp-v2/b86897b7050bc9fdf397dd6abfb3af11fc876f86/d035c2561f6be3b11449647adfe9ce865884aef7da8b7e06b817d8a75c7f37f9/full/chains/Manis_javanica/human_to_species.chain.gz	fd51491c7450c5e2001feb99e8d09de36bbdef76a6c73e82dd7a9a212ed99f70	s3://oa-bolinas/issues/523/chain-reader-sampled-validation/f3c1de027c3660a17d9cb8bec9297154fd6d2328/Mus_musculus/source.aliases.sizes	56706a5eeaaa368bfcab17bba94437b5a09885fe41494735a42bbb9118bac214	s3://oa-bolinas/snakemake/vertebrate_projection_dataset/results/functional-v1/e42a4ea1eca760219e0add91004b45cac59b19c9/a104a2756f538a1993405165fb5b50b6d4aeaf0a32810d8bb72907916eef1beb/full/hal/chrom_sizes/Manis_javanica.tsv	a1e7cae5426ba2bc7b36298faf787e435deb3b871fe6bd4ef3f838b0c44bf3ae
Choloepus_hoffmanni	GCA_000164785.2	hg38	direction_matched_no_dupes_psl_swap	s3://oa-bolinas/snakemake/vertebrate_projection_dataset/results/hal-chains-directional-ramp-v2/b86897b7050bc9fdf397dd6abfb3af11fc876f86/d035c2561f6be3b11449647adfe9ce865884aef7da8b7e06b817d8a75c7f37f9/full/chains/Choloepus_hoffmanni/human_to_species.chain.gz	45d8dc950001a57e880b246d6baaf1f1ba4ffd55b85b53dc421541a442ac2f78	s3://oa-bolinas/issues/523/chain-reader-sampled-validation/f3c1de027c3660a17d9cb8bec9297154fd6d2328/Mus_musculus/source.aliases.sizes	56706a5eeaaa368bfcab17bba94437b5a09885fe41494735a42bbb9118bac214	s3://oa-bolinas/snakemake/vertebrate_projection_dataset/results/functional-v1/e42a4ea1eca760219e0add91004b45cac59b19c9/a104a2756f538a1993405165fb5b50b6d4aeaf0a32810d8bb72907916eef1beb/full/hal/chrom_sizes/Choloepus_hoffmanni.tsv	76d04dbf595ca29ca0218b4fa307929ce97e2733215534729202c94da34116eb
Loxodonta_africana	GCF_030014295.1	hg38	direction_matched_no_dupes_psl_swap	s3://oa-bolinas/snakemake/vertebrate_projection_dataset/results/hal-chains-directional-ramp-v2/b86897b7050bc9fdf397dd6abfb3af11fc876f86/d035c2561f6be3b11449647adfe9ce865884aef7da8b7e06b817d8a75c7f37f9/full/chains/Loxodonta_africana/human_to_species.chain.gz	340267abc83be2b966399f4e338487d173ccbb102bddbdfdf1b26a949a6a86c8	s3://oa-bolinas/issues/523/chain-reader-sampled-validation/f3c1de027c3660a17d9cb8bec9297154fd6d2328/Mus_musculus/source.aliases.sizes	56706a5eeaaa368bfcab17bba94437b5a09885fe41494735a42bbb9118bac214	s3://oa-bolinas/snakemake/vertebrate_projection_dataset/results/functional-v1/e42a4ea1eca760219e0add91004b45cac59b19c9/a104a2756f538a1993405165fb5b50b6d4aeaf0a32810d8bb72907916eef1beb/full/hal/chrom_sizes/Loxodonta_africana.tsv	78b428f3b3d748569d68aff457731ebb22b01dc82ff0d83526d41f453a50ff1b
Mus_musculus	GCF_000001635.26	hg38	direction_matched_no_dupes_psl_swap	s3://oa-bolinas/snakemake/vertebrate_projection_dataset/results/hal-chains-directional-ramp-v2/b86897b7050bc9fdf397dd6abfb3af11fc876f86/d035c2561f6be3b11449647adfe9ce865884aef7da8b7e06b817d8a75c7f37f9/full/chains/Mus_musculus/human_to_species.chain.gz	601a4869da040f1543df0e1d835eb091a36dfdbaeb60c59863a1d1f1c2fb34cd	s3://oa-bolinas/issues/523/chain-reader-sampled-validation/f3c1de027c3660a17d9cb8bec9297154fd6d2328/Mus_musculus/source.aliases.sizes	56706a5eeaaa368bfcab17bba94437b5a09885fe41494735a42bbb9118bac214	s3://oa-bolinas/snakemake/vertebrate_projection_dataset/results/functional-v1/e42a4ea1eca760219e0add91004b45cac59b19c9/a104a2756f538a1993405165fb5b50b6d4aeaf0a32810d8bb72907916eef1beb/full/hal/chrom_sizes/Mus_musculus.tsv	564322df15d7258b49114c9349c4725f7522ac0191a907998367e9a68dadfe19
Tupaia_tana	GCA_004365275.1	hg38	direction_matched_no_dupes_psl_swap	s3://oa-bolinas/snakemake/vertebrate_projection_dataset/results/hal-chains-directional-ramp-v2/b86897b7050bc9fdf397dd6abfb3af11fc876f86/d035c2561f6be3b11449647adfe9ce865884aef7da8b7e06b817d8a75c7f37f9/full/chains/Tupaia_tana/human_to_species.chain.gz	fd7f883e6f2ffd0b80902edd52e150df03d15177e373c3090fffa77dd21a3a5f	s3://oa-bolinas/issues/523/chain-reader-sampled-validation/f3c1de027c3660a17d9cb8bec9297154fd6d2328/Mus_musculus/source.aliases.sizes	56706a5eeaaa368bfcab17bba94437b5a09885fe41494735a42bbb9118bac214	s3://oa-bolinas/snakemake/vertebrate_projection_dataset/results/functional-v1/e42a4ea1eca760219e0add91004b45cac59b19c9/a104a2756f538a1993405165fb5b50b6d4aeaf0a32810d8bb72907916eef1beb/full/hal/chrom_sizes/Tupaia_tana.tsv	895ee30207bbc459a2e73c8d9730dba3322900554277af84e0f47aa62589dd83
Trichechus_manatus	GCF_000243295.1	hg38	direction_matched_no_dupes_psl_swap	s3://oa-bolinas/snakemake/vertebrate_projection_dataset/results/hal-chains-directional-ramp-v2/b86897b7050bc9fdf397dd6abfb3af11fc876f86/d035c2561f6be3b11449647adfe9ce865884aef7da8b7e06b817d8a75c7f37f9/full/chains/Trichechus_manatus/human_to_species.chain.gz	d76d696f19e134663c71a6473d6a4e488f7cc2a65b183ec1ef7a3ddf1c90a52d	s3://oa-bolinas/issues/523/chain-reader-sampled-validation/f3c1de027c3660a17d9cb8bec9297154fd6d2328/Mus_musculus/source.aliases.sizes	56706a5eeaaa368bfcab17bba94437b5a09885fe41494735a42bbb9118bac214	s3://oa-bolinas/snakemake/vertebrate_projection_dataset/results/functional-v1/e42a4ea1eca760219e0add91004b45cac59b19c9/a104a2756f538a1993405165fb5b50b6d4aeaf0a32810d8bb72907916eef1beb/full/hal/chrom_sizes/Trichechus_manatus.tsv	09d63321bc0177e4892e17b53717fb240cc8ef143305b3989ed12cdfce0d80eb
Orycteropus_afer	GCA_004365145.1	hg38	direction_matched_no_dupes_psl_swap	s3://oa-bolinas/snakemake/vertebrate_projection_dataset/results/hal-chains-directional-ramp-v2/b86897b7050bc9fdf397dd6abfb3af11fc876f86/d035c2561f6be3b11449647adfe9ce865884aef7da8b7e06b817d8a75c7f37f9/full/chains/Orycteropus_afer/human_to_species.chain.gz	e55628f06002a52e9dcd9d85d83c6eff4ddb6319f61d183ade3902dbb0ffd51d	s3://oa-bolinas/issues/523/chain-reader-sampled-validation/f3c1de027c3660a17d9cb8bec9297154fd6d2328/Mus_musculus/source.aliases.sizes	56706a5eeaaa368bfcab17bba94437b5a09885fe41494735a42bbb9118bac214	s3://oa-bolinas/snakemake/vertebrate_projection_dataset/results/functional-v1/e42a4ea1eca760219e0add91004b45cac59b19c9/a104a2756f538a1993405165fb5b50b6d4aeaf0a32810d8bb72907916eef1beb/full/hal/chrom_sizes/Orycteropus_afer.tsv	f79294c65e4824b52c4b93009f0e9a5e5ceb03a0441f9960032db7de37db3b69
anaPla1	BGI_duck_1.0/anaPla1	hg38	UCSC-hg38-over-chain	s3://oa-bolinas/snakemake/vertebrate_projection_dataset/results/functional-v1/e42a4ea1eca760219e0add91004b45cac59b19c9/a104a2756f538a1993405165fb5b50b6d4aeaf0a32810d8bb72907916eef1beb/full/liftover/chains/anaPla1.over.chain.gz	17949d33e1faa9af82b03f8fddaabad50cdde749c3cb1345c6433d0d0feb7902	s3://oa-bolinas/issues/523/chain-reader-sampled-validation/f3c1de027c3660a17d9cb8bec9297154fd6d2328/Mus_musculus/source.aliases.sizes	56706a5eeaaa368bfcab17bba94437b5a09885fe41494735a42bbb9118bac214	s3://oa-bolinas/snakemake/vertebrate_projection_dataset/results/functional-v1/e42a4ea1eca760219e0add91004b45cac59b19c9/a104a2756f538a1993405165fb5b50b6d4aeaf0a32810d8bb72907916eef1beb/full/liftover/genomes/anaPla1.chrom.sizes	3891a366d597af526fe3d8db93ad3af0203ad25f504a72260988e2ed88c77376
colLiv1	Cliv_1.0/colLiv1	hg38	UCSC-hg38-over-chain	s3://oa-bolinas/snakemake/vertebrate_projection_dataset/results/functional-v1/e42a4ea1eca760219e0add91004b45cac59b19c9/a104a2756f538a1993405165fb5b50b6d4aeaf0a32810d8bb72907916eef1beb/full/liftover/chains/colLiv1.over.chain.gz	119053ca32268fa4a55d47b0b57c8481888fcccae3fc1cf0e04b9a050ff6f324	s3://oa-bolinas/issues/523/chain-reader-sampled-validation/f3c1de027c3660a17d9cb8bec9297154fd6d2328/Mus_musculus/source.aliases.sizes	56706a5eeaaa368bfcab17bba94437b5a09885fe41494735a42bbb9118bac214	s3://oa-bolinas/snakemake/vertebrate_projection_dataset/results/functional-v1/e42a4ea1eca760219e0add91004b45cac59b19c9/a104a2756f538a1993405165fb5b50b6d4aeaf0a32810d8bb72907916eef1beb/full/liftover/genomes/colLiv1.chrom.sizes	83e8d54430ce7fb48d3287c1a630162a86a789375b26c27b3cad4454a91e07e5
falChe1	F_cherrug_v1.0/falChe1	hg38	UCSC-hg38-over-chain	s3://oa-bolinas/snakemake/vertebrate_projection_dataset/results/functional-v1/e42a4ea1eca760219e0add91004b45cac59b19c9/a104a2756f538a1993405165fb5b50b6d4aeaf0a32810d8bb72907916eef1beb/full/liftover/chains/falChe1.over.chain.gz	d00234fb5020c78475a15dcb6ac9cf8229843c20be73f9b167cf4f5793192518	s3://oa-bolinas/issues/523/chain-reader-sampled-validation/f3c1de027c3660a17d9cb8bec9297154fd6d2328/Mus_musculus/source.aliases.sizes	56706a5eeaaa368bfcab17bba94437b5a09885fe41494735a42bbb9118bac214	s3://oa-bolinas/snakemake/vertebrate_projection_dataset/results/functional-v1/e42a4ea1eca760219e0add91004b45cac59b19c9/a104a2756f538a1993405165fb5b50b6d4aeaf0a32810d8bb72907916eef1beb/full/liftover/genomes/falChe1.chrom.sizes	541680114203faa9297e4d83471ce4bd2fb1bf964317f1a1324184b28ba0432e
galGal4	Gallus_gallus-4.0/galGal4	hg38	UCSC-hg38-over-chain	s3://oa-bolinas/snakemake/vertebrate_projection_dataset/results/functional-v1/e42a4ea1eca760219e0add91004b45cac59b19c9/a104a2756f538a1993405165fb5b50b6d4aeaf0a32810d8bb72907916eef1beb/full/liftover/chains/galGal4.over.chain.gz	6b79ff26d3492c2a36fd7bc7a5ab953c11b2818b2b1a0afaa5815796cd1a43f3	s3://oa-bolinas/issues/523/chain-reader-sampled-validation/f3c1de027c3660a17d9cb8bec9297154fd6d2328/Mus_musculus/source.aliases.sizes	56706a5eeaaa368bfcab17bba94437b5a09885fe41494735a42bbb9118bac214	s3://oa-bolinas/snakemake/vertebrate_projection_dataset/results/functional-v1/e42a4ea1eca760219e0add91004b45cac59b19c9/a104a2756f538a1993405165fb5b50b6d4aeaf0a32810d8bb72907916eef1beb/full/liftover/genomes/galGal4.chrom.sizes	bb73df0a37189a8c0eb9bdb21953ef45a68baefb4113ef1be7baae65655b460e
ficAlb2	FicAlb1.5/ficAlb2	hg38	UCSC-hg38-over-chain	s3://oa-bolinas/snakemake/vertebrate_projection_dataset/results/functional-v1/e42a4ea1eca760219e0add91004b45cac59b19c9/a104a2756f538a1993405165fb5b50b6d4aeaf0a32810d8bb72907916eef1beb/full/liftover/chains/ficAlb2.over.chain.gz	a8f646c92e4bf021a9358c62960e9906772d3f14e17ac82891b4de6a713625e6	s3://oa-bolinas/issues/523/chain-reader-sampled-validation/f3c1de027c3660a17d9cb8bec9297154fd6d2328/Mus_musculus/source.aliases.sizes	56706a5eeaaa368bfcab17bba94437b5a09885fe41494735a42bbb9118bac214	s3://oa-bolinas/snakemake/vertebrate_projection_dataset/results/functional-v1/e42a4ea1eca760219e0add91004b45cac59b19c9/a104a2756f538a1993405165fb5b50b6d4aeaf0a32810d8bb72907916eef1beb/full/liftover/genomes/ficAlb2.chrom.sizes	8b2bf7281f00464ae2faa554ec8b8aae12ced17ddeb6411fa917c23967bfa516
araMac1	SMACv1.1/araMac1	hg38	UCSC-hg38-over-chain	s3://oa-bolinas/snakemake/vertebrate_projection_dataset/results/functional-v1/e42a4ea1eca760219e0add91004b45cac59b19c9/a104a2756f538a1993405165fb5b50b6d4aeaf0a32810d8bb72907916eef1beb/full/liftover/chains/araMac1.over.chain.gz	0ce8d2cad5329a881b21ce44acb2c9453eb8586005445861daabba7b7eb109f6	s3://oa-bolinas/issues/523/chain-reader-sampled-validation/f3c1de027c3660a17d9cb8bec9297154fd6d2328/Mus_musculus/source.aliases.sizes	56706a5eeaaa368bfcab17bba94437b5a09885fe41494735a42bbb9118bac214	s3://oa-bolinas/snakemake/vertebrate_projection_dataset/results/functional-v1/e42a4ea1eca760219e0add91004b45cac59b19c9/a104a2756f538a1993405165fb5b50b6d4aeaf0a32810d8bb72907916eef1beb/full/liftover/genomes/araMac1.chrom.sizes	6605a78bb7f7ed32409e66daee6cf1cc372390bb20120b0df9066ded0df63314
allMis1	allMis0.2/allMis1	hg38	UCSC-hg38-over-chain	s3://oa-bolinas/snakemake/vertebrate_projection_dataset/results/functional-v1/e42a4ea1eca760219e0add91004b45cac59b19c9/a104a2756f538a1993405165fb5b50b6d4aeaf0a32810d8bb72907916eef1beb/full/liftover/chains/allMis1.over.chain.gz	72ae194337555a2fbeb565d32857dd94404ed5073012d25dbfb14b66b1dc94ac	s3://oa-bolinas/issues/523/chain-reader-sampled-validation/f3c1de027c3660a17d9cb8bec9297154fd6d2328/Mus_musculus/source.aliases.sizes	56706a5eeaaa368bfcab17bba94437b5a09885fe41494735a42bbb9118bac214	s3://oa-bolinas/snakemake/vertebrate_projection_dataset/results/functional-v1/e42a4ea1eca760219e0add91004b45cac59b19c9/a104a2756f538a1993405165fb5b50b6d4aeaf0a32810d8bb72907916eef1beb/full/liftover/genomes/allMis1.chrom.sizes	b112265a3d63cfdb55859f6ededf49df8ed7bc5d771b8a996e47a1d5975ad417
anoCar2	AnoCar2.0/anoCar2	hg38	UCSC-hg38-over-chain	s3://oa-bolinas/snakemake/vertebrate_projection_dataset/results/functional-v1/e42a4ea1eca760219e0add91004b45cac59b19c9/a104a2756f538a1993405165fb5b50b6d4aeaf0a32810d8bb72907916eef1beb/full/liftover/chains/anoCar2.over.chain.gz	a3eeb2cd43eaf9385ccd770e773debdb1ef18b881eb3b38aacca779990d41f51	s3://oa-bolinas/issues/523/chain-reader-sampled-validation/f3c1de027c3660a17d9cb8bec9297154fd6d2328/Mus_musculus/source.aliases.sizes	56706a5eeaaa368bfcab17bba94437b5a09885fe41494735a42bbb9118bac214	s3://oa-bolinas/snakemake/vertebrate_projection_dataset/results/functional-v1/e42a4ea1eca760219e0add91004b45cac59b19c9/a104a2756f538a1993405165fb5b50b6d4aeaf0a32810d8bb72907916eef1beb/full/liftover/genomes/anoCar2.chrom.sizes	049aacdf3676918f3bc07053e8db1ddc100551dadf1e6b075216b4f8554c1b2e
cheMyd1	CheMyd_1.0/cheMyd1	hg38	UCSC-hg38-over-chain	s3://oa-bolinas/snakemake/vertebrate_projection_dataset/results/functional-v1/e42a4ea1eca760219e0add91004b45cac59b19c9/a104a2756f538a1993405165fb5b50b6d4aeaf0a32810d8bb72907916eef1beb/full/liftover/chains/cheMyd1.over.chain.gz	1aaf221e9c10d31f78819c2e03791fbe3eff629d36294f61f64939dbd6817192	s3://oa-bolinas/issues/523/chain-reader-sampled-validation/f3c1de027c3660a17d9cb8bec9297154fd6d2328/Mus_musculus/source.aliases.sizes	56706a5eeaaa368bfcab17bba94437b5a09885fe41494735a42bbb9118bac214	s3://oa-bolinas/snakemake/vertebrate_projection_dataset/results/functional-v1/e42a4ea1eca760219e0add91004b45cac59b19c9/a104a2756f538a1993405165fb5b50b6d4aeaf0a32810d8bb72907916eef1beb/full/liftover/genomes/cheMyd1.chrom.sizes	c9c7ad9ea0a91d1830eee9ddf415286826ba00238b6ff7172738352ab7ab0b38
xenTro7	JGI_7.0/xenTro7	hg38	UCSC-hg38-over-chain	s3://oa-bolinas/snakemake/vertebrate_projection_dataset/results/functional-v1/e42a4ea1eca760219e0add91004b45cac59b19c9/a104a2756f538a1993405165fb5b50b6d4aeaf0a32810d8bb72907916eef1beb/full/liftover/chains/xenTro7.over.chain.gz	0f156c6ffe30a389d0952313234435b0ca43df506fdd071e5f72c94c4cf48d82	s3://oa-bolinas/issues/523/chain-reader-sampled-validation/f3c1de027c3660a17d9cb8bec9297154fd6d2328/Mus_musculus/source.aliases.sizes	56706a5eeaaa368bfcab17bba94437b5a09885fe41494735a42bbb9118bac214	s3://oa-bolinas/snakemake/vertebrate_projection_dataset/results/functional-v1/e42a4ea1eca760219e0add91004b45cac59b19c9/a104a2756f538a1993405165fb5b50b6d4aeaf0a32810d8bb72907916eef1beb/full/liftover/genomes/xenTro7.chrom.sizes	db7c9615428c7923b993efd798de511e8bded76d7d23708ba90cf6522ff3e784
latCha1	Broad/latCha1	hg38	UCSC-hg38-over-chain	s3://oa-bolinas/snakemake/vertebrate_projection_dataset/results/functional-v1/e42a4ea1eca760219e0add91004b45cac59b19c9/a104a2756f538a1993405165fb5b50b6d4aeaf0a32810d8bb72907916eef1beb/full/liftover/chains/latCha1.over.chain.gz	caa372f9c7f616d404c2b4263506965f46cb92259a7fb93786b2ab306cd4131a	s3://oa-bolinas/issues/523/chain-reader-sampled-validation/f3c1de027c3660a17d9cb8bec9297154fd6d2328/Mus_musculus/source.aliases.sizes	56706a5eeaaa368bfcab17bba94437b5a09885fe41494735a42bbb9118bac214	s3://oa-bolinas/snakemake/vertebrate_projection_dataset/results/functional-v1/e42a4ea1eca760219e0add91004b45cac59b19c9/a104a2756f538a1993405165fb5b50b6d4aeaf0a32810d8bb72907916eef1beb/full/liftover/genomes/latCha1.chrom.sizes	882434077086ea50251c09f118c8899609d13466c06881a7a52269c89a2c4453
oryLat2	MEDAKA1/oryLat2	hg38	UCSC-hg38-over-chain	s3://oa-bolinas/snakemake/vertebrate_projection_dataset/results/functional-v1/e42a4ea1eca760219e0add91004b45cac59b19c9/a104a2756f538a1993405165fb5b50b6d4aeaf0a32810d8bb72907916eef1beb/full/liftover/chains/oryLat2.over.chain.gz	22fb47edb97b640b8fcfe3edaff5484049a07fa25f23994d26bd44c12fdc8eb4	s3://oa-bolinas/issues/523/chain-reader-sampled-validation/f3c1de027c3660a17d9cb8bec9297154fd6d2328/Mus_musculus/source.aliases.sizes	56706a5eeaaa368bfcab17bba94437b5a09885fe41494735a42bbb9118bac214	s3://oa-bolinas/snakemake/vertebrate_projection_dataset/results/functional-v1/e42a4ea1eca760219e0add91004b45cac59b19c9/a104a2756f538a1993405165fb5b50b6d4aeaf0a32810d8bb72907916eef1beb/full/liftover/genomes/oryLat2.chrom.sizes	850a0385addc0be1826e64c44214ee38bbe7a16859d94b0e74d34daa77635bd9
astMex1	Astyanax_mexicanus-1.0.2/astMex1	hg38	UCSC-hg38-over-chain	s3://oa-bolinas/snakemake/vertebrate_projection_dataset/results/functional-v1/e42a4ea1eca760219e0add91004b45cac59b19c9/a104a2756f538a1993405165fb5b50b6d4aeaf0a32810d8bb72907916eef1beb/full/liftover/chains/astMex1.over.chain.gz	7e69232aa551d3eb300c7997785b7024d0eab1058b06a1269a4be9ea23eb0f47	s3://oa-bolinas/issues/523/chain-reader-sampled-validation/f3c1de027c3660a17d9cb8bec9297154fd6d2328/Mus_musculus/source.aliases.sizes	56706a5eeaaa368bfcab17bba94437b5a09885fe41494735a42bbb9118bac214	s3://oa-bolinas/snakemake/vertebrate_projection_dataset/results/functional-v1/e42a4ea1eca760219e0add91004b45cac59b19c9/a104a2756f538a1993405165fb5b50b6d4aeaf0a32810d8bb72907916eef1beb/full/liftover/genomes/astMex1.chrom.sizes	e355f7b9410946d7562b0bc5c0463194442d321144c4373f0977c55287b71726
oreNil2	oreNil1.1/oreNil2	hg38	UCSC-hg38-over-chain	s3://oa-bolinas/snakemake/vertebrate_projection_dataset/results/functional-v1/e42a4ea1eca760219e0add91004b45cac59b19c9/a104a2756f538a1993405165fb5b50b6d4aeaf0a32810d8bb72907916eef1beb/full/liftover/chains/oreNil2.over.chain.gz	50759a3e1a21de7b240040577d43d4fb5c7d64c46537b6c126e098c1d11fd7d1	s3://oa-bolinas/issues/523/chain-reader-sampled-validation/f3c1de027c3660a17d9cb8bec9297154fd6d2328/Mus_musculus/source.aliases.sizes	56706a5eeaaa368bfcab17bba94437b5a09885fe41494735a42bbb9118bac214	s3://oa-bolinas/snakemake/vertebrate_projection_dataset/results/functional-v1/e42a4ea1eca760219e0add91004b45cac59b19c9/a104a2756f538a1993405165fb5b50b6d4aeaf0a32810d8bb72907916eef1beb/full/liftover/genomes/oreNil2.chrom.sizes	9871049a96e270e21a774e1e2da3db4ae5908c7520e5004f8e1f2f2f3a8b1207
danRer10	Zv10/danRer10	hg38	UCSC-hg38-over-chain	s3://oa-bolinas/snakemake/vertebrate_projection_dataset/results/functional-v1/e42a4ea1eca760219e0add91004b45cac59b19c9/a104a2756f538a1993405165fb5b50b6d4aeaf0a32810d8bb72907916eef1beb/full/liftover/chains/danRer10.over.chain.gz	c5c28a192caa4fcd97a64d8e2f6e3e6cd5adf450077c6064cc7ff18cf830f6d8	s3://oa-bolinas/issues/523/chain-reader-sampled-validation/f3c1de027c3660a17d9cb8bec9297154fd6d2328/Mus_musculus/source.aliases.sizes	56706a5eeaaa368bfcab17bba94437b5a09885fe41494735a42bbb9118bac214	s3://oa-bolinas/snakemake/vertebrate_projection_dataset/results/functional-v1/e42a4ea1eca760219e0add91004b45cac59b19c9/a104a2756f538a1993405165fb5b50b6d4aeaf0a32810d8bb72907916eef1beb/full/liftover/genomes/danRer10.chrom.sizes	e45c8f52ca7b4338f2a4f3d47dac68f0e34a2353e14125479b25689434f0cf25
xipMac1	X_maculatus-4.4.2/xipMac1	hg38	UCSC-hg38-over-chain	s3://oa-bolinas/snakemake/vertebrate_projection_dataset/results/functional-v1/e42a4ea1eca760219e0add91004b45cac59b19c9/a104a2756f538a1993405165fb5b50b6d4aeaf0a32810d8bb72907916eef1beb/full/liftover/chains/xipMac1.over.chain.gz	99c9a3f0ac0b0bec6070d0387a17dc1719448942357a72c5aae1a2dd74508958	s3://oa-bolinas/issues/523/chain-reader-sampled-validation/f3c1de027c3660a17d9cb8bec9297154fd6d2328/Mus_musculus/source.aliases.sizes	56706a5eeaaa368bfcab17bba94437b5a09885fe41494735a42bbb9118bac214	s3://oa-bolinas/snakemake/vertebrate_projection_dataset/results/functional-v1/e42a4ea1eca760219e0add91004b45cac59b19c9/a104a2756f538a1993405165fb5b50b6d4aeaf0a32810d8bb72907916eef1beb/full/liftover/genomes/xipMac1.chrom.sizes	e1d26a19d0345d1ec701800f5caa5d334518bf28afee6b21cda228fddb63ea8b
gadMor1	GadMor_May2010/gadMor1	hg38	UCSC-hg38-over-chain	s3://oa-bolinas/snakemake/vertebrate_projection_dataset/results/functional-v1/e42a4ea1eca760219e0add91004b45cac59b19c9/a104a2756f538a1993405165fb5b50b6d4aeaf0a32810d8bb72907916eef1beb/full/liftover/chains/gadMor1.over.chain.gz	6954ea13bce5d9e48bb448bec3a439ae5aff0fcf04d46f11636cac17d63726ee	s3://oa-bolinas/issues/523/chain-reader-sampled-validation/f3c1de027c3660a17d9cb8bec9297154fd6d2328/Mus_musculus/source.aliases.sizes	56706a5eeaaa368bfcab17bba94437b5a09885fe41494735a42bbb9118bac214	s3://oa-bolinas/snakemake/vertebrate_projection_dataset/results/functional-v1/e42a4ea1eca760219e0add91004b45cac59b19c9/a104a2756f538a1993405165fb5b50b6d4aeaf0a32810d8bb72907916eef1beb/full/liftover/genomes/gadMor1.chrom.sizes	71f070887591ddc25c99fe70fa6e3716579107284ec763b7985f0ab3dbce9794
gasAcu1	Broad/gasAcu1	hg38	UCSC-hg38-over-chain	s3://oa-bolinas/snakemake/vertebrate_projection_dataset/results/functional-v1/e42a4ea1eca760219e0add91004b45cac59b19c9/a104a2756f538a1993405165fb5b50b6d4aeaf0a32810d8bb72907916eef1beb/full/liftover/chains/gasAcu1.over.chain.gz	ac3c43afce347c7f734b29c9c4417744f3c593b57d853403c24bfc3915cc4e33	s3://oa-bolinas/issues/523/chain-reader-sampled-validation/f3c1de027c3660a17d9cb8bec9297154fd6d2328/Mus_musculus/source.aliases.sizes	56706a5eeaaa368bfcab17bba94437b5a09885fe41494735a42bbb9118bac214	s3://oa-bolinas/snakemake/vertebrate_projection_dataset/results/functional-v1/e42a4ea1eca760219e0add91004b45cac59b19c9/a104a2756f538a1993405165fb5b50b6d4aeaf0a32810d8bb72907916eef1beb/full/liftover/genomes/gasAcu1.chrom.sizes	7e4bbe622935591303ac82d0d19674eaf3c5ea68fbef689fae4e26cbd631b6b6
lepOcu1	LepOcu1/lepOcu1	hg38	UCSC-hg38-over-chain	s3://oa-bolinas/snakemake/vertebrate_projection_dataset/results/functional-v1/e42a4ea1eca760219e0add91004b45cac59b19c9/a104a2756f538a1993405165fb5b50b6d4aeaf0a32810d8bb72907916eef1beb/full/liftover/chains/lepOcu1.over.chain.gz	c05858f069e91c19ac714ca613bc84b4f17c83351cd5587cf5958c6c826c4809	s3://oa-bolinas/issues/523/chain-reader-sampled-validation/f3c1de027c3660a17d9cb8bec9297154fd6d2328/Mus_musculus/source.aliases.sizes	56706a5eeaaa368bfcab17bba94437b5a09885fe41494735a42bbb9118bac214	s3://oa-bolinas/snakemake/vertebrate_projection_dataset/results/functional-v1/e42a4ea1eca760219e0add91004b45cac59b19c9/a104a2756f538a1993405165fb5b50b6d4aeaf0a32810d8bb72907916eef1beb/full/liftover/genomes/lepOcu1.chrom.sizes	4cae2f983c72df30f85cbc707041567537403dfae84da1ec7a115b03e21196ef
fr3	FUGU5/fr3	hg38	UCSC-hg38-over-chain	s3://oa-bolinas/snakemake/vertebrate_projection_dataset/results/functional-v1/e42a4ea1eca760219e0add91004b45cac59b19c9/a104a2756f538a1993405165fb5b50b6d4aeaf0a32810d8bb72907916eef1beb/full/liftover/chains/fr3.over.chain.gz	b6c50f7c6fea4f1dfbbb0ddb2fd39760949fc92d347dbda5d5b2d4af7da17029	s3://oa-bolinas/issues/523/chain-reader-sampled-validation/f3c1de027c3660a17d9cb8bec9297154fd6d2328/Mus_musculus/source.aliases.sizes	56706a5eeaaa368bfcab17bba94437b5a09885fe41494735a42bbb9118bac214	s3://oa-bolinas/snakemake/vertebrate_projection_dataset/results/functional-v1/e42a4ea1eca760219e0add91004b45cac59b19c9/a104a2756f538a1993405165fb5b50b6d4aeaf0a32810d8bb72907916eef1beb/full/liftover/genomes/fr3.chrom.sizes	780d36f178120f1004e52cbd0ed38660b5b2fe3206b3a6aab1a287a4f4dfc337
petMar2	WUGSC_7.0/petMar2	hg38	UCSC-hg38-over-chain	s3://oa-bolinas/snakemake/vertebrate_projection_dataset/results/functional-v1/e42a4ea1eca760219e0add91004b45cac59b19c9/a104a2756f538a1993405165fb5b50b6d4aeaf0a32810d8bb72907916eef1beb/full/liftover/chains/petMar2.over.chain.gz	8a1dc54ba01cd08acafc235b62a5db86f65bf2ccdde949028c936cefe597040c	s3://oa-bolinas/issues/523/chain-reader-sampled-validation/f3c1de027c3660a17d9cb8bec9297154fd6d2328/Mus_musculus/source.aliases.sizes	56706a5eeaaa368bfcab17bba94437b5a09885fe41494735a42bbb9118bac214	s3://oa-bolinas/snakemake/vertebrate_projection_dataset/results/functional-v1/e42a4ea1eca760219e0add91004b45cac59b19c9/a104a2756f538a1993405165fb5b50b6d4aeaf0a32810d8bb72907916eef1beb/full/liftover/genomes/petMar2.chrom.sizes	8cf0fe56a47472ed93955a54aefc898668eacf400181f67ea66769cd170e5718
