name	assembly	sequence	format	sha256	chrom_sizes	chrom_sizes_sha256	origin
Microgale_talazaci	GCA_004026705.1	s3://oa-bolinas/snakemake/vertebrate_projection_dataset/results/functional-v1/e42a4ea1eca760219e0add91004b45cac59b19c9/a104a2756f538a1993405165fb5b50b6d4aeaf0a32810d8bb72907916eef1beb/full/hal/genomes/Microgale_talazaci.2bit	twobit	2b6e6ece1ed897283b34e9bc7bc27a00d3870a1585561f138320d814ccad9aab	s3://oa-bolinas/snakemake/vertebrate_projection_dataset/results/functional-v1/e42a4ea1eca760219e0add91004b45cac59b19c9/a104a2756f538a1993405165fb5b50b6d4aeaf0a32810d8bb72907916eef1beb/full/hal/chrom_sizes/Microgale_talazaci.tsv	04f17441ba1fc6f6ab92bb35c865cadb3d4bbbd12675a8fa30f51b5caf06de62	direction_matched_no_dupes_psl_swap
Bos_taurus	GCF_000003205.7	s3://oa-bolinas/snakemake/vertebrate_projection_dataset/results/functional-v1/e42a4ea1eca760219e0add91004b45cac59b19c9/a104a2756f538a1993405165fb5b50b6d4aeaf0a32810d8bb72907916eef1beb/full/hal/genomes/Bos_taurus.2bit	twobit	6f37ca66c0c1796a8aa2078eab084ffa81fca7bafed84a1c03d5a5445d39a2b2	s3://oa-bolinas/snakemake/vertebrate_projection_dataset/results/functional-v1/e42a4ea1eca760219e0add91004b45cac59b19c9/a104a2756f538a1993405165fb5b50b6d4aeaf0a32810d8bb72907916eef1beb/full/hal/chrom_sizes/Bos_taurus.tsv	38102565798020a79a761b79f440d4d1b8da454cbff05c163f9a718721217e4c	direction_matched_no_dupes_psl_swap
Lycaon_pictus	GCA_001887905.1	s3://oa-bolinas/snakemake/vertebrate_projection_dataset/results/functional-v1/e42a4ea1eca760219e0add91004b45cac59b19c9/a104a2756f538a1993405165fb5b50b6d4aeaf0a32810d8bb72907916eef1beb/full/hal/genomes/Lycaon_pictus.2bit	twobit	6ff5b5434804bf9ea0d76546702a9bf01d288d150f8613c494d316fbcaabc699	s3://oa-bolinas/snakemake/vertebrate_projection_dataset/results/functional-v1/e42a4ea1eca760219e0add91004b45cac59b19c9/a104a2756f538a1993405165fb5b50b6d4aeaf0a32810d8bb72907916eef1beb/full/hal/chrom_sizes/Lycaon_pictus.tsv	2b812fd58f62b6cbce3b4eada420f66f55d6d81dc4e621590711f8d88010fe22	direction_matched_no_dupes_psl_swap
Macroglossus_sobrinus	GCA_004027375.1	s3://oa-bolinas/snakemake/vertebrate_projection_dataset/results/functional-v1/e42a4ea1eca760219e0add91004b45cac59b19c9/a104a2756f538a1993405165fb5b50b6d4aeaf0a32810d8bb72907916eef1beb/full/hal/genomes/Macroglossus_sobrinus.2bit	twobit	2d1efdb3a9d25de51c0f1d63de187d36d029b5b9140239224d82f2af56b1412f	s3://oa-bolinas/snakemake/vertebrate_projection_dataset/results/functional-v1/e42a4ea1eca760219e0add91004b45cac59b19c9/a104a2756f538a1993405165fb5b50b6d4aeaf0a32810d8bb72907916eef1beb/full/hal/chrom_sizes/Macroglossus_sobrinus.tsv	cfec9de73f9a17a16375013f932bfe6c6fa5a8b019d5a64120ec3e135a8d550a	direction_matched_no_dupes_psl_swap
Tolypeutes_matacus	GCA_004025125.1	s3://oa-bolinas/snakemake/vertebrate_projection_dataset/results/functional-v1/e42a4ea1eca760219e0add91004b45cac59b19c9/a104a2756f538a1993405165fb5b50b6d4aeaf0a32810d8bb72907916eef1beb/full/hal/genomes/Tolypeutes_matacus.2bit	twobit	a586a5dd5b69a33704fe8a7f840ada49717a1386892f61abddb1384e4eaed65e	s3://oa-bolinas/snakemake/vertebrate_projection_dataset/results/functional-v1/e42a4ea1eca760219e0add91004b45cac59b19c9/a104a2756f538a1993405165fb5b50b6d4aeaf0a32810d8bb72907916eef1beb/full/hal/chrom_sizes/Tolypeutes_matacus.tsv	765578aa5a8f5a2595f657a814097ef5538aa5170aeb75b026c19d25f6315721	direction_matched_no_dupes_psl_swap
Galeopterus_variegatus	GCA_004027255.1	s3://oa-bolinas/snakemake/vertebrate_projection_dataset/results/functional-v1/e42a4ea1eca760219e0add91004b45cac59b19c9/a104a2756f538a1993405165fb5b50b6d4aeaf0a32810d8bb72907916eef1beb/full/hal/genomes/Galeopterus_variegatus.2bit	twobit	db27baf4bb368b75c42f04b448f4601e6de81f9b07bf1089b7e49648ed60c7fd	s3://oa-bolinas/snakemake/vertebrate_projection_dataset/results/functional-v1/e42a4ea1eca760219e0add91004b45cac59b19c9/a104a2756f538a1993405165fb5b50b6d4aeaf0a32810d8bb72907916eef1beb/full/hal/chrom_sizes/Galeopterus_variegatus.tsv	1aa5d516874c361db4939d63694f03dd9acae2a5f96ac92ecc80ec475fe11c2c	direction_matched_no_dupes_psl_swap
Solenodon_paradoxus	GCA_004363575.1	s3://oa-bolinas/snakemake/vertebrate_projection_dataset/results/functional-v1/e42a4ea1eca760219e0add91004b45cac59b19c9/a104a2756f538a1993405165fb5b50b6d4aeaf0a32810d8bb72907916eef1beb/full/hal/genomes/Solenodon_paradoxus.2bit	twobit	0515e1bf48ae44d7acda57d09a4fecbd1894c02c12edd1b8f400eb461976626e	s3://oa-bolinas/snakemake/vertebrate_projection_dataset/results/functional-v1/e42a4ea1eca760219e0add91004b45cac59b19c9/a104a2756f538a1993405165fb5b50b6d4aeaf0a32810d8bb72907916eef1beb/full/hal/chrom_sizes/Solenodon_paradoxus.tsv	46176de97c621964d3e1ef728024fa9db3a7f5f526c4ec43fabbd08b7b320442	direction_matched_no_dupes_psl_swap
Heterohyrax_brucei	GCA_004026845.1	s3://oa-bolinas/snakemake/vertebrate_projection_dataset/results/functional-v1/e42a4ea1eca760219e0add91004b45cac59b19c9/a104a2756f538a1993405165fb5b50b6d4aeaf0a32810d8bb72907916eef1beb/full/hal/genomes/Heterohyrax_brucei.2bit	twobit	21a86e60673c73a421bdb91412c00d1d9f9f6de46fb10230bf04e23330fa49e8	s3://oa-bolinas/snakemake/vertebrate_projection_dataset/results/functional-v1/e42a4ea1eca760219e0add91004b45cac59b19c9/a104a2756f538a1993405165fb5b50b6d4aeaf0a32810d8bb72907916eef1beb/full/hal/chrom_sizes/Heterohyrax_brucei.tsv	94fa315a4dd82d376e137aa2a4bf4cddac782cf78acc553f29c6190ecf030778	direction_matched_no_dupes_psl_swap
Oryctolagus_cuniculus	GCF_000003625.3	s3://oa-bolinas/snakemake/vertebrate_projection_dataset/results/functional-v1/e42a4ea1eca760219e0add91004b45cac59b19c9/a104a2756f538a1993405165fb5b50b6d4aeaf0a32810d8bb72907916eef1beb/full/hal/genomes/Oryctolagus_cuniculus.2bit	twobit	c4c33ac96f4616cd13f94c2c8661ac118f1a62a40ac0c3c080f5566165eebda3	s3://oa-bolinas/snakemake/vertebrate_projection_dataset/results/functional-v1/e42a4ea1eca760219e0add91004b45cac59b19c9/a104a2756f538a1993405165fb5b50b6d4aeaf0a32810d8bb72907916eef1beb/full/hal/chrom_sizes/Oryctolagus_cuniculus.tsv	643bda6e3630fcffee8d1b4d3a9a6c36de5a0f801d21d9f2bccb67aa9f8e48f4	direction_matched_no_dupes_psl_swap
Elephantulus_edwardii	GCA_004027355.1	s3://oa-bolinas/snakemake/vertebrate_projection_dataset/results/functional-v1/e42a4ea1eca760219e0add91004b45cac59b19c9/a104a2756f538a1993405165fb5b50b6d4aeaf0a32810d8bb72907916eef1beb/full/hal/genomes/Elephantulus_edwardii.2bit	twobit	8f5736fb87ab83b3fd4941a821e8f8ed7950851eb63c91053bd8ea7e4c370c29	s3://oa-bolinas/snakemake/vertebrate_projection_dataset/results/functional-v1/e42a4ea1eca760219e0add91004b45cac59b19c9/a104a2756f538a1993405165fb5b50b6d4aeaf0a32810d8bb72907916eef1beb/full/hal/chrom_sizes/Elephantulus_edwardii.tsv	23c665b747c2ab18cb57fff42b99980d0291033df072356d21c60ab6565d357e	direction_matched_no_dupes_psl_swap
Equus_caballus	GCF_000002305.2	s3://oa-bolinas/snakemake/vertebrate_projection_dataset/results/functional-v1/e42a4ea1eca760219e0add91004b45cac59b19c9/a104a2756f538a1993405165fb5b50b6d4aeaf0a32810d8bb72907916eef1beb/full/hal/genomes/Equus_caballus.2bit	twobit	fd607ec07b670824ad47950bd06074d07d70b90e085ed1efed23255a4582785c	s3://oa-bolinas/snakemake/vertebrate_projection_dataset/results/functional-v1/e42a4ea1eca760219e0add91004b45cac59b19c9/a104a2756f538a1993405165fb5b50b6d4aeaf0a32810d8bb72907916eef1beb/full/hal/chrom_sizes/Equus_caballus.tsv	f0cdc744dbf9b5ad7178156ce4b7ca0ed7019e0df20814fa2ca95a4ddbcb4e64	direction_matched_no_dupes_psl_swap
Manis_javanica	GCF_001685135.1	s3://oa-bolinas/snakemake/vertebrate_projection_dataset/results/functional-v1/e42a4ea1eca760219e0add91004b45cac59b19c9/a104a2756f538a1993405165fb5b50b6d4aeaf0a32810d8bb72907916eef1beb/full/hal/genomes/Manis_javanica.2bit	twobit	b09ee2f4db8e5d8be942b7a6fa74970ededd3069075d5d16aac8331272957d6c	s3://oa-bolinas/snakemake/vertebrate_projection_dataset/results/functional-v1/e42a4ea1eca760219e0add91004b45cac59b19c9/a104a2756f538a1993405165fb5b50b6d4aeaf0a32810d8bb72907916eef1beb/full/hal/chrom_sizes/Manis_javanica.tsv	a1e7cae5426ba2bc7b36298faf787e435deb3b871fe6bd4ef3f838b0c44bf3ae	direction_matched_no_dupes_psl_swap
Choloepus_hoffmanni	GCA_000164785.2	s3://oa-bolinas/snakemake/vertebrate_projection_dataset/results/functional-v1/e42a4ea1eca760219e0add91004b45cac59b19c9/a104a2756f538a1993405165fb5b50b6d4aeaf0a32810d8bb72907916eef1beb/full/hal/genomes/Choloepus_hoffmanni.2bit	twobit	e6897c83e7169eea2914644f673cd5118dc302dee4e34c79d904cc45067934a3	s3://oa-bolinas/snakemake/vertebrate_projection_dataset/results/functional-v1/e42a4ea1eca760219e0add91004b45cac59b19c9/a104a2756f538a1993405165fb5b50b6d4aeaf0a32810d8bb72907916eef1beb/full/hal/chrom_sizes/Choloepus_hoffmanni.tsv	76d04dbf595ca29ca0218b4fa307929ce97e2733215534729202c94da34116eb	direction_matched_no_dupes_psl_swap
Loxodonta_africana	GCF_030014295.1	s3://oa-bolinas/snakemake/vertebrate_projection_dataset/results/functional-v1/e42a4ea1eca760219e0add91004b45cac59b19c9/a104a2756f538a1993405165fb5b50b6d4aeaf0a32810d8bb72907916eef1beb/full/hal/genomes/Loxodonta_africana.2bit	twobit	231016397be3e94e83c7532c7e89da2d5e1ca8a91e64ceabefd0753fcb1323ee	s3://oa-bolinas/snakemake/vertebrate_projection_dataset/results/functional-v1/e42a4ea1eca760219e0add91004b45cac59b19c9/a104a2756f538a1993405165fb5b50b6d4aeaf0a32810d8bb72907916eef1beb/full/hal/chrom_sizes/Loxodonta_africana.tsv	78b428f3b3d748569d68aff457731ebb22b01dc82ff0d83526d41f453a50ff1b	direction_matched_no_dupes_psl_swap
Mus_musculus	GCF_000001635.26	s3://oa-bolinas/snakemake/vertebrate_projection_dataset/results/functional-v1/e42a4ea1eca760219e0add91004b45cac59b19c9/a104a2756f538a1993405165fb5b50b6d4aeaf0a32810d8bb72907916eef1beb/full/hal/genomes/Mus_musculus.2bit	twobit	ec82764f1cf7ee02adb9ccccd4ffaa1776faf35145a43ce5f59c625e341d653b	s3://oa-bolinas/snakemake/vertebrate_projection_dataset/results/functional-v1/e42a4ea1eca760219e0add91004b45cac59b19c9/a104a2756f538a1993405165fb5b50b6d4aeaf0a32810d8bb72907916eef1beb/full/hal/chrom_sizes/Mus_musculus.tsv	564322df15d7258b49114c9349c4725f7522ac0191a907998367e9a68dadfe19	direction_matched_no_dupes_psl_swap
Tupaia_tana	GCA_004365275.1	s3://oa-bolinas/snakemake/vertebrate_projection_dataset/results/functional-v1/e42a4ea1eca760219e0add91004b45cac59b19c9/a104a2756f538a1993405165fb5b50b6d4aeaf0a32810d8bb72907916eef1beb/full/hal/genomes/Tupaia_tana.2bit	twobit	6a43e7d956fa5cc67dc5750cfa6bf674afd88c7b3dc1ca0afeca4730de371f5a	s3://oa-bolinas/snakemake/vertebrate_projection_dataset/results/functional-v1/e42a4ea1eca760219e0add91004b45cac59b19c9/a104a2756f538a1993405165fb5b50b6d4aeaf0a32810d8bb72907916eef1beb/full/hal/chrom_sizes/Tupaia_tana.tsv	895ee30207bbc459a2e73c8d9730dba3322900554277af84e0f47aa62589dd83	direction_matched_no_dupes_psl_swap
Trichechus_manatus	GCF_000243295.1	s3://oa-bolinas/snakemake/vertebrate_projection_dataset/results/functional-v1/e42a4ea1eca760219e0add91004b45cac59b19c9/a104a2756f538a1993405165fb5b50b6d4aeaf0a32810d8bb72907916eef1beb/full/hal/genomes/Trichechus_manatus.2bit	twobit	b04ba244ce7474a3b6a65fe98e243ba25df6df563f2353350c9cd6b0c6a2b989	s3://oa-bolinas/snakemake/vertebrate_projection_dataset/results/functional-v1/e42a4ea1eca760219e0add91004b45cac59b19c9/a104a2756f538a1993405165fb5b50b6d4aeaf0a32810d8bb72907916eef1beb/full/hal/chrom_sizes/Trichechus_manatus.tsv	09d63321bc0177e4892e17b53717fb240cc8ef143305b3989ed12cdfce0d80eb	direction_matched_no_dupes_psl_swap
Orycteropus_afer	GCA_004365145.1	s3://oa-bolinas/snakemake/vertebrate_projection_dataset/results/functional-v1/e42a4ea1eca760219e0add91004b45cac59b19c9/a104a2756f538a1993405165fb5b50b6d4aeaf0a32810d8bb72907916eef1beb/full/hal/genomes/Orycteropus_afer.2bit	twobit	ce501de06224f4733503ea4e569ffe42a18c984f389bf146cd010f63d77f9a0f	s3://oa-bolinas/snakemake/vertebrate_projection_dataset/results/functional-v1/e42a4ea1eca760219e0add91004b45cac59b19c9/a104a2756f538a1993405165fb5b50b6d4aeaf0a32810d8bb72907916eef1beb/full/hal/chrom_sizes/Orycteropus_afer.tsv	f79294c65e4824b52c4b93009f0e9a5e5ceb03a0441f9960032db7de37db3b69	direction_matched_no_dupes_psl_swap
anaPla1	BGI_duck_1.0/anaPla1	s3://oa-bolinas/snakemake/vertebrate_projection_dataset/results/functional-v1/e42a4ea1eca760219e0add91004b45cac59b19c9/a104a2756f538a1993405165fb5b50b6d4aeaf0a32810d8bb72907916eef1beb/full/liftover/genomes/anaPla1.2bit	twobit	6e831b19fe38bea83eef72dc9cf82807cf7f5df84077803c9703063775b5c933	s3://oa-bolinas/snakemake/vertebrate_projection_dataset/results/functional-v1/e42a4ea1eca760219e0add91004b45cac59b19c9/a104a2756f538a1993405165fb5b50b6d4aeaf0a32810d8bb72907916eef1beb/full/liftover/genomes/anaPla1.chrom.sizes	3891a366d597af526fe3d8db93ad3af0203ad25f504a72260988e2ed88c77376	UCSC-hg38-over-chain
colLiv1	Cliv_1.0/colLiv1	s3://oa-bolinas/snakemake/vertebrate_projection_dataset/results/functional-v1/e42a4ea1eca760219e0add91004b45cac59b19c9/a104a2756f538a1993405165fb5b50b6d4aeaf0a32810d8bb72907916eef1beb/full/liftover/genomes/colLiv1.2bit	twobit	47a9fb7ff4a0c21102892e8aa782f96b590a2fd9ad8dcf2f23b64476fa3a571f	s3://oa-bolinas/snakemake/vertebrate_projection_dataset/results/functional-v1/e42a4ea1eca760219e0add91004b45cac59b19c9/a104a2756f538a1993405165fb5b50b6d4aeaf0a32810d8bb72907916eef1beb/full/liftover/genomes/colLiv1.chrom.sizes	83e8d54430ce7fb48d3287c1a630162a86a789375b26c27b3cad4454a91e07e5	UCSC-hg38-over-chain
falChe1	F_cherrug_v1.0/falChe1	s3://oa-bolinas/snakemake/vertebrate_projection_dataset/results/functional-v1/e42a4ea1eca760219e0add91004b45cac59b19c9/a104a2756f538a1993405165fb5b50b6d4aeaf0a32810d8bb72907916eef1beb/full/liftover/genomes/falChe1.2bit	twobit	d82f3ce74429ff271b578298dcd47a1f916bd21b8334c009f3f5e05c018f1f23	s3://oa-bolinas/snakemake/vertebrate_projection_dataset/results/functional-v1/e42a4ea1eca760219e0add91004b45cac59b19c9/a104a2756f538a1993405165fb5b50b6d4aeaf0a32810d8bb72907916eef1beb/full/liftover/genomes/falChe1.chrom.sizes	541680114203faa9297e4d83471ce4bd2fb1bf964317f1a1324184b28ba0432e	UCSC-hg38-over-chain
galGal4	Gallus_gallus-4.0/galGal4	s3://oa-bolinas/snakemake/vertebrate_projection_dataset/results/functional-v1/e42a4ea1eca760219e0add91004b45cac59b19c9/a104a2756f538a1993405165fb5b50b6d4aeaf0a32810d8bb72907916eef1beb/full/liftover/genomes/galGal4.2bit	twobit	4dc9ec100fff65d54e7c966bd7bbdbd8fcc211a3422fe3a0468f1355fd41cb4c	s3://oa-bolinas/snakemake/vertebrate_projection_dataset/results/functional-v1/e42a4ea1eca760219e0add91004b45cac59b19c9/a104a2756f538a1993405165fb5b50b6d4aeaf0a32810d8bb72907916eef1beb/full/liftover/genomes/galGal4.chrom.sizes	bb73df0a37189a8c0eb9bdb21953ef45a68baefb4113ef1be7baae65655b460e	UCSC-hg38-over-chain
ficAlb2	FicAlb1.5/ficAlb2	s3://oa-bolinas/snakemake/vertebrate_projection_dataset/results/functional-v1/e42a4ea1eca760219e0add91004b45cac59b19c9/a104a2756f538a1993405165fb5b50b6d4aeaf0a32810d8bb72907916eef1beb/full/liftover/genomes/ficAlb2.2bit	twobit	c488d2c00174ebaa49bffbc80e80880c48d2e97b39553a0b39888427a7a73884	s3://oa-bolinas/snakemake/vertebrate_projection_dataset/results/functional-v1/e42a4ea1eca760219e0add91004b45cac59b19c9/a104a2756f538a1993405165fb5b50b6d4aeaf0a32810d8bb72907916eef1beb/full/liftover/genomes/ficAlb2.chrom.sizes	8b2bf7281f00464ae2faa554ec8b8aae12ced17ddeb6411fa917c23967bfa516	UCSC-hg38-over-chain
araMac1	SMACv1.1/araMac1	s3://oa-bolinas/snakemake/vertebrate_projection_dataset/results/functional-v1/e42a4ea1eca760219e0add91004b45cac59b19c9/a104a2756f538a1993405165fb5b50b6d4aeaf0a32810d8bb72907916eef1beb/full/liftover/genomes/araMac1.2bit	twobit	25f9d31c515e0df33a736e07f3b6e2b5632d19ae22b0cdc3385af33d33561aef	s3://oa-bolinas/snakemake/vertebrate_projection_dataset/results/functional-v1/e42a4ea1eca760219e0add91004b45cac59b19c9/a104a2756f538a1993405165fb5b50b6d4aeaf0a32810d8bb72907916eef1beb/full/liftover/genomes/araMac1.chrom.sizes	6605a78bb7f7ed32409e66daee6cf1cc372390bb20120b0df9066ded0df63314	UCSC-hg38-over-chain
allMis1	allMis0.2/allMis1	s3://oa-bolinas/snakemake/vertebrate_projection_dataset/results/functional-v1/e42a4ea1eca760219e0add91004b45cac59b19c9/a104a2756f538a1993405165fb5b50b6d4aeaf0a32810d8bb72907916eef1beb/full/liftover/genomes/allMis1.2bit	twobit	a7e3af4155caf8b04bb42686881afcc558d5317a44cc765b4ce3cb659f363d42	s3://oa-bolinas/snakemake/vertebrate_projection_dataset/results/functional-v1/e42a4ea1eca760219e0add91004b45cac59b19c9/a104a2756f538a1993405165fb5b50b6d4aeaf0a32810d8bb72907916eef1beb/full/liftover/genomes/allMis1.chrom.sizes	b112265a3d63cfdb55859f6ededf49df8ed7bc5d771b8a996e47a1d5975ad417	UCSC-hg38-over-chain
anoCar2	AnoCar2.0/anoCar2	s3://oa-bolinas/snakemake/vertebrate_projection_dataset/results/functional-v1/e42a4ea1eca760219e0add91004b45cac59b19c9/a104a2756f538a1993405165fb5b50b6d4aeaf0a32810d8bb72907916eef1beb/full/liftover/genomes/anoCar2.2bit	twobit	1a9ed0b644dfcd1b50f7d2a13b8568264c6b9056a80c58b413fc310b6c43b08f	s3://oa-bolinas/snakemake/vertebrate_projection_dataset/results/functional-v1/e42a4ea1eca760219e0add91004b45cac59b19c9/a104a2756f538a1993405165fb5b50b6d4aeaf0a32810d8bb72907916eef1beb/full/liftover/genomes/anoCar2.chrom.sizes	049aacdf3676918f3bc07053e8db1ddc100551dadf1e6b075216b4f8554c1b2e	UCSC-hg38-over-chain
cheMyd1	CheMyd_1.0/cheMyd1	s3://oa-bolinas/snakemake/vertebrate_projection_dataset/results/functional-v1/e42a4ea1eca760219e0add91004b45cac59b19c9/a104a2756f538a1993405165fb5b50b6d4aeaf0a32810d8bb72907916eef1beb/full/liftover/genomes/cheMyd1.2bit	twobit	5d48f589d78bede00c742f3c39934e89a11b2c4649b03ecbb4275c0d32dcb4fd	s3://oa-bolinas/snakemake/vertebrate_projection_dataset/results/functional-v1/e42a4ea1eca760219e0add91004b45cac59b19c9/a104a2756f538a1993405165fb5b50b6d4aeaf0a32810d8bb72907916eef1beb/full/liftover/genomes/cheMyd1.chrom.sizes	c9c7ad9ea0a91d1830eee9ddf415286826ba00238b6ff7172738352ab7ab0b38	UCSC-hg38-over-chain
xenTro7	JGI_7.0/xenTro7	s3://oa-bolinas/snakemake/vertebrate_projection_dataset/results/functional-v1/e42a4ea1eca760219e0add91004b45cac59b19c9/a104a2756f538a1993405165fb5b50b6d4aeaf0a32810d8bb72907916eef1beb/full/liftover/genomes/xenTro7.2bit	twobit	d0668b96264c1d45a3b16d1cd5d1ee8270a89ef95077183c996f47c331fc84ec	s3://oa-bolinas/snakemake/vertebrate_projection_dataset/results/functional-v1/e42a4ea1eca760219e0add91004b45cac59b19c9/a104a2756f538a1993405165fb5b50b6d4aeaf0a32810d8bb72907916eef1beb/full/liftover/genomes/xenTro7.chrom.sizes	db7c9615428c7923b993efd798de511e8bded76d7d23708ba90cf6522ff3e784	UCSC-hg38-over-chain
latCha1	Broad/latCha1	s3://oa-bolinas/snakemake/vertebrate_projection_dataset/results/functional-v1/e42a4ea1eca760219e0add91004b45cac59b19c9/a104a2756f538a1993405165fb5b50b6d4aeaf0a32810d8bb72907916eef1beb/full/liftover/genomes/latCha1.2bit	twobit	8fe78b07b02995841a9fdbede91807ff1ef215bfdf2ebb98d39753f942545b05	s3://oa-bolinas/snakemake/vertebrate_projection_dataset/results/functional-v1/e42a4ea1eca760219e0add91004b45cac59b19c9/a104a2756f538a1993405165fb5b50b6d4aeaf0a32810d8bb72907916eef1beb/full/liftover/genomes/latCha1.chrom.sizes	882434077086ea50251c09f118c8899609d13466c06881a7a52269c89a2c4453	UCSC-hg38-over-chain
oryLat2	MEDAKA1/oryLat2	s3://oa-bolinas/snakemake/vertebrate_projection_dataset/results/functional-v1/e42a4ea1eca760219e0add91004b45cac59b19c9/a104a2756f538a1993405165fb5b50b6d4aeaf0a32810d8bb72907916eef1beb/full/liftover/genomes/oryLat2.2bit	twobit	d7331c0f8c3dd4e87d92eceb68cdaf0a2d66d62f1e745ac9f976a3de41d680bb	s3://oa-bolinas/snakemake/vertebrate_projection_dataset/results/functional-v1/e42a4ea1eca760219e0add91004b45cac59b19c9/a104a2756f538a1993405165fb5b50b6d4aeaf0a32810d8bb72907916eef1beb/full/liftover/genomes/oryLat2.chrom.sizes	850a0385addc0be1826e64c44214ee38bbe7a16859d94b0e74d34daa77635bd9	UCSC-hg38-over-chain
astMex1	Astyanax_mexicanus-1.0.2/astMex1	s3://oa-bolinas/snakemake/vertebrate_projection_dataset/results/functional-v1/e42a4ea1eca760219e0add91004b45cac59b19c9/a104a2756f538a1993405165fb5b50b6d4aeaf0a32810d8bb72907916eef1beb/full/liftover/genomes/astMex1.2bit	twobit	92c4e9f08aed868fbf4913d8540248a7517ddc677d409a4531677727daaf9429	s3://oa-bolinas/snakemake/vertebrate_projection_dataset/results/functional-v1/e42a4ea1eca760219e0add91004b45cac59b19c9/a104a2756f538a1993405165fb5b50b6d4aeaf0a32810d8bb72907916eef1beb/full/liftover/genomes/astMex1.chrom.sizes	e355f7b9410946d7562b0bc5c0463194442d321144c4373f0977c55287b71726	UCSC-hg38-over-chain
oreNil2	oreNil1.1/oreNil2	s3://oa-bolinas/snakemake/vertebrate_projection_dataset/results/functional-v1/e42a4ea1eca760219e0add91004b45cac59b19c9/a104a2756f538a1993405165fb5b50b6d4aeaf0a32810d8bb72907916eef1beb/full/liftover/genomes/oreNil2.2bit	twobit	c9c5de2557a77229a898f01491610d9c520237013c64e76197725e8b1d6fe4e9	s3://oa-bolinas/snakemake/vertebrate_projection_dataset/results/functional-v1/e42a4ea1eca760219e0add91004b45cac59b19c9/a104a2756f538a1993405165fb5b50b6d4aeaf0a32810d8bb72907916eef1beb/full/liftover/genomes/oreNil2.chrom.sizes	9871049a96e270e21a774e1e2da3db4ae5908c7520e5004f8e1f2f2f3a8b1207	UCSC-hg38-over-chain
danRer10	Zv10/danRer10	s3://oa-bolinas/snakemake/vertebrate_projection_dataset/results/functional-v1/e42a4ea1eca760219e0add91004b45cac59b19c9/a104a2756f538a1993405165fb5b50b6d4aeaf0a32810d8bb72907916eef1beb/full/liftover/genomes/danRer10.2bit	twobit	b2b69fc5f7f9992bbe17b700880a67bec292e594deffc1512f44335a7a4036d7	s3://oa-bolinas/snakemake/vertebrate_projection_dataset/results/functional-v1/e42a4ea1eca760219e0add91004b45cac59b19c9/a104a2756f538a1993405165fb5b50b6d4aeaf0a32810d8bb72907916eef1beb/full/liftover/genomes/danRer10.chrom.sizes	e45c8f52ca7b4338f2a4f3d47dac68f0e34a2353e14125479b25689434f0cf25	UCSC-hg38-over-chain
xipMac1	X_maculatus-4.4.2/xipMac1	s3://oa-bolinas/snakemake/vertebrate_projection_dataset/results/functional-v1/e42a4ea1eca760219e0add91004b45cac59b19c9/a104a2756f538a1993405165fb5b50b6d4aeaf0a32810d8bb72907916eef1beb/full/liftover/genomes/xipMac1.2bit	twobit	fdc3081f54b768ed548857bb32b99292ccd94c96f6c345b81f23752d2eead510	s3://oa-bolinas/snakemake/vertebrate_projection_dataset/results/functional-v1/e42a4ea1eca760219e0add91004b45cac59b19c9/a104a2756f538a1993405165fb5b50b6d4aeaf0a32810d8bb72907916eef1beb/full/liftover/genomes/xipMac1.chrom.sizes	e1d26a19d0345d1ec701800f5caa5d334518bf28afee6b21cda228fddb63ea8b	UCSC-hg38-over-chain
gadMor1	GadMor_May2010/gadMor1	s3://oa-bolinas/snakemake/vertebrate_projection_dataset/results/functional-v1/e42a4ea1eca760219e0add91004b45cac59b19c9/a104a2756f538a1993405165fb5b50b6d4aeaf0a32810d8bb72907916eef1beb/full/liftover/genomes/gadMor1.2bit	twobit	3509a29acaa5cdd9f6d16870c3dfe44842d2a0c51774b9333bfc5e7b4d3ecfd9	s3://oa-bolinas/snakemake/vertebrate_projection_dataset/results/functional-v1/e42a4ea1eca760219e0add91004b45cac59b19c9/a104a2756f538a1993405165fb5b50b6d4aeaf0a32810d8bb72907916eef1beb/full/liftover/genomes/gadMor1.chrom.sizes	71f070887591ddc25c99fe70fa6e3716579107284ec763b7985f0ab3dbce9794	UCSC-hg38-over-chain
gasAcu1	Broad/gasAcu1	s3://oa-bolinas/snakemake/vertebrate_projection_dataset/results/functional-v1/e42a4ea1eca760219e0add91004b45cac59b19c9/a104a2756f538a1993405165fb5b50b6d4aeaf0a32810d8bb72907916eef1beb/full/liftover/genomes/gasAcu1.2bit	twobit	3d625de3df8b6d484a6928b7e1eb348c48a405753b04e51ce9cedad2a4733ab6	s3://oa-bolinas/snakemake/vertebrate_projection_dataset/results/functional-v1/e42a4ea1eca760219e0add91004b45cac59b19c9/a104a2756f538a1993405165fb5b50b6d4aeaf0a32810d8bb72907916eef1beb/full/liftover/genomes/gasAcu1.chrom.sizes	7e4bbe622935591303ac82d0d19674eaf3c5ea68fbef689fae4e26cbd631b6b6	UCSC-hg38-over-chain
lepOcu1	LepOcu1/lepOcu1	s3://oa-bolinas/snakemake/vertebrate_projection_dataset/results/functional-v1/e42a4ea1eca760219e0add91004b45cac59b19c9/a104a2756f538a1993405165fb5b50b6d4aeaf0a32810d8bb72907916eef1beb/full/liftover/genomes/lepOcu1.2bit	twobit	37cd02df4cdad5a2631fae02ca2c89203ae7c9f805c8f1131757f197c6f73ff9	s3://oa-bolinas/snakemake/vertebrate_projection_dataset/results/functional-v1/e42a4ea1eca760219e0add91004b45cac59b19c9/a104a2756f538a1993405165fb5b50b6d4aeaf0a32810d8bb72907916eef1beb/full/liftover/genomes/lepOcu1.chrom.sizes	4cae2f983c72df30f85cbc707041567537403dfae84da1ec7a115b03e21196ef	UCSC-hg38-over-chain
fr3	FUGU5/fr3	s3://oa-bolinas/snakemake/vertebrate_projection_dataset/results/functional-v1/e42a4ea1eca760219e0add91004b45cac59b19c9/a104a2756f538a1993405165fb5b50b6d4aeaf0a32810d8bb72907916eef1beb/full/liftover/genomes/fr3.2bit	twobit	6de2afed5e0dbbc7ab320bf0a146cbe2cd377f81e745a0eba22dd6a80c2317e1	s3://oa-bolinas/snakemake/vertebrate_projection_dataset/results/functional-v1/e42a4ea1eca760219e0add91004b45cac59b19c9/a104a2756f538a1993405165fb5b50b6d4aeaf0a32810d8bb72907916eef1beb/full/liftover/genomes/fr3.chrom.sizes	780d36f178120f1004e52cbd0ed38660b5b2fe3206b3a6aab1a287a4f4dfc337	UCSC-hg38-over-chain
petMar2	WUGSC_7.0/petMar2	s3://oa-bolinas/snakemake/vertebrate_projection_dataset/results/functional-v1/e42a4ea1eca760219e0add91004b45cac59b19c9/a104a2756f538a1993405165fb5b50b6d4aeaf0a32810d8bb72907916eef1beb/full/liftover/genomes/petMar2.2bit	twobit	ecc8f3ea2a478f6bba23ce58a2c89ad8f5234d336fca692654e47470f4bc082b	s3://oa-bolinas/snakemake/vertebrate_projection_dataset/results/functional-v1/e42a4ea1eca760219e0add91004b45cac59b19c9/a104a2756f538a1993405165fb5b50b6d4aeaf0a32810d8bb72907916eef1beb/full/liftover/genomes/petMar2.chrom.sizes	8cf0fe56a47472ed93955a54aefc898668eacf400181f67ea66769cd170e5718	UCSC-hg38-over-chain
hg38	hg38	s3://oa-bolinas/snakemake/vertebrate_projection_dataset/results/functional-v1/e42a4ea1eca760219e0add91004b45cac59b19c9/a104a2756f538a1993405165fb5b50b6d4aeaf0a32810d8bb72907916eef1beb/full/reference/hg38.2bit	twobit	1f67aaa17a77b327738fe750ab37430a85dddf73c7d9189385ad1839259acec0	s3://oa-bolinas/snakemake/vertebrate_projection_dataset/results/functional-v1/e42a4ea1eca760219e0add91004b45cac59b19c9/a104a2756f538a1993405165fb5b50b6d4aeaf0a32810d8bb72907916eef1beb/full/reference/hg38.chrom.sizes	d06fcd768c9451398eb8e37d486c94e464efc5aca4991af4b05a423dcce3cd6f	UCSC-hg38-reference
